Номенклатура, Ед. изм.;Код;Остаток;Закуп;Розница;Коэфф
УЦЕНКА Лезвие 18мм сегмент. 10шт, шт;ro-00030046;-3,000;7,57;20,00;2,64
ACE ультра гель отбеливатель 1л, шт;ro-00000695;-1,000;79,10;180,00;2,28
AGREE'S Хвойное 0,25л удобрение, шт;ro-00026199;-1,000;46,17;85,00;1,84
ARGANIQ д/комнатн.цветов 200г, шт;ro-00018125;13,000;66,60;135,00;2,03
ARGANIQ д/комнатн.цветов 500г, шт;ro-00017939;2,000;110,70;220,00;1,99
ARGANIQ д/овощных и ягод. культ. 350г, шт;ro-00017912;-1,000;91,80;184,00;2,00
Argus garden спрей от клещей,муравьев,тли 250мл , шт;ro-00023624;2,000;109,03;202,00;1,85
ARGUS спрей от клещей 125мл, шт;ro-00023813;1,000;55,06;102,00;1,85
AVA Агровитамины д/декор-листв. 13,5г., шт;ro-00018115;19,000;64,80;130,00;2,01
AVA Агровитамины д/овощей 13,5г., шт;ro-00018079;18,000;64,80;130,00;2,01
AVA Агровитамины д/рассады 13,5г., шт;ro-00018090;21,000;64,80;130,00;2,01
AVA Агровитамины д/цветов 13,5г., шт;ro-00018101;15,000;64,80;130,00;2,01
AVA Агровитамины универсальные 13,5г., шт;ro-00018091;6,000;64,80;130,00;2,01
AVA удобр. весеннее 200гр, шт;ro-00018099;20,000;139,50;280,00;2,01
AVA удобр. д/многолетних 100гр, шт;ro-00018043;19,000;63,00;115,00;1,83
AVA удобр. д/овощей 30гр, шт;ro-00018114;50,000;37,80;76,00;2,01
AVA удобр. д/однолетних 100гр, шт;ro-00018044;22,000;63,00;115,00;1,83
AVA удобр. д/посева семян 30гр, шт;ro-00018106;21,000;37,80;76,00;2,01
AVA удобр. д/цветочно-декор. 30гр, шт;ro-00018113;23,000;37,80;76,00;2,01
AVA удобр. Универсал 1 год 250гр, шт;ro-00018048;10,000;141,30;255,00;1,80
AVA удобр. Универсал 1 год 500гр, шт;ro-00018084;6,000;243,00;486,00;2,00
AVA удобр. Универсал 2-3 года 250гр, шт;ro-00018063;18,000;141,30;285,00;2,02
AVA удобр. Универсал 2-3 года 500гр, шт;ro-00018085;2,000;243,00;486,00;2,00
AVA удобр. Элит садовод 100гр, шт;ro-00018042;20,000;63,90;115,00;1,80
Clean&Fresh таблетки д/ПММ 4шт*20гр, шт;ro-00000233;1,000;36,39;75,00;2,06
DEADEX гель от тараканов 30г, шт;ro-00000704;1,000;33,74;64,00;1,90
DELICIA порошок-приманка от муравьев 30гр, шт;ro-00028242;1,000;69,10;128,00;1,85
Dream nature Гель для душа Клубничный смузи 400 мл 4/20, шт;ro-00039283;3,000;62,70;116,00;1,85
Dream nature Гель для душа Шоколадный восторг 400 мл 4/20, шт;ro-00039284;2,000;65,27;121,00;1,85
